Designator,Val,Package,Mid X,Mid Y,Rotation,Layer
"C1","100nF","C_0402_1005Metric",118.4800,-202.0000,0.0000,bottom
"C2","1uF","C_0402_1005Metric",160.7400,-202.4955,0.0000,bottom
"C3","100nF","C_0402_1005Metric",179.0075,-169.6500,180.0000,bottom
"C4","100nF","C_0402_1005Metric",161.3400,-207.0955,180.0000,bottom
"C5","1uF","C_0402_1005Metric",179.0075,-168.6500,0.0000,bottom
"C6","100nF","C_0402_1005Metric",323.5200,-169.5000,180.0000,bottom
"C7","1uF","C_0402_1005Metric",323.5200,-168.5000,0.0000,bottom
"C8","100nF","C_0402_1005Metric",476.5375,-166.0000,180.0000,bottom
"C9","1uF","C_0402_1005Metric",476.5375,-167.0000,0.0000,bottom
"C10","100nF","C_0402_1005Metric",117.3750,-104.4500,-90.0000,bottom
"C11","1uF","C_0402_1005Metric",116.3750,-104.4500,90.0000,bottom
"C12","100nF","C_0402_1005Metric",388.3375,-82.4000,180.0000,bottom
"C13","1uF","C_0402_1005Metric",388.3375,-83.4000,0.0000,bottom
"C31","12pF","C_0402_1005Metric",123.8000,-138.5000,90.0000,bottom
"C32","12pF","C_0402_1005Metric",122.3000,-138.5000,-90.0000,bottom
"C33","10uF","C_0402_1005Metric",119.0000,-136.5000,-90.0000,bottom
"C34","10uF","C_0402_1005Metric",115.5000,-136.5000,-90.0000,bottom
"C35","10uF","C_0402_1005Metric",118.0000,-136.5000,-90.0000,bottom
"C36","10uF","C_0402_1005Metric",120.5200,-153.9375,180.0000,bottom
"C37","10uF","C_0402_1005Metric",114.7500,-149.7500,90.0000,bottom
"C38","10uF","C_0402_1005Metric",122.2500,-149.8000,90.0000,bottom
"J1","XKB-USB-C16PIN","XKB-USB-C-16P",299.8900,-117.8000,0.0000,bottom
"J2","BM02B-SRSS-TB","BM02B-SRSS-TB",117.4800,-199.9250,0.0000,bottom
"J9","BM02B-SRSS-TB","BM02B-SRSS-TB",200.8000,-203.7250,0.0000,bottom
"J10","BM02B-SRSS-TB","BM02B-SRSS-TB",249.2000,-205.3250,0.0000,bottom
"J11","BM02B-SRSS-TB","BM02B-SRSS-TB",302.6000,-204.1250,0.0000,bottom
"J12","BM02B-SRSS-TB","BM02B-SRSS-TB",402.0000,-204.9250,0.0000,bottom
"J13","BM02B-SRSS-TB","BM02B-SRSS-TB",508.8000,-205.1250,0.0000,bottom
"L2","10uH","L_0603_1608Metric",116.7500,-137.0000,-90.0000,bottom
"LED1","1206REVMNT","1206REVMNT",55.7750,-63.6000,-90.0000,bottom
"LED2","1206REVMNT","1206REVMNT",93.8750,-63.6000,-90.0000,bottom
"LED3","1206REVMNT","1206REVMNT",141.5000,-63.6000,-90.0000,bottom
"LED4","1206REVMNT","1206REVMNT",179.6000,-63.6000,-90.0000,bottom
"LED5","1206REVMNT","1206REVMNT",217.7000,-63.6000,-90.0000,bottom
"LED6","1206REVMNT","1206REVMNT",255.8000,-63.6000,-90.0000,bottom
"LED7","1206REVMNT","1206REVMNT",293.9000,-63.6000,-90.0000,bottom
"LED8","1206REVMNT","1206REVMNT",332.0000,-63.6000,-90.0000,bottom
"LED9","1206REVMNT","1206REVMNT",370.1000,-63.6000,-90.0000,bottom
"LED10","1206REVMNT","1206REVMNT",408.2000,-63.6000,-90.0000,bottom
"LED11","1206REVMNT","1206REVMNT",446.3000,-63.6000,-90.0000,bottom
"LED12","1206REVMNT","1206REVMNT",484.4000,-63.6000,-90.0000,bottom
"LED13","1206REVMNT","1206REVMNT",532.0250,-63.6000,-90.0000,bottom
"LED14","1206REVMNT","1206REVMNT",570.1250,-63.6000,-90.0000,bottom
"LED15","1206REVMNT","1206REVMNT",55.7750,-84.9400,-90.0000,bottom
"LED16","1206REVMNT","1206REVMNT",93.8750,-84.9400,-90.0000,bottom
"LED17","1206REVMNT","1206REVMNT",141.5000,-84.9400,-90.0000,bottom
"LED18","1206REVMNT","1206REVMNT",179.6000,-84.9400,-90.0000,bottom
"LED19","1206REVMNT","1206REVMNT",217.7000,-84.9400,-90.0000,bottom
"LED20","1206REVMNT","1206REVMNT",255.8000,-84.9400,-90.0000,bottom
"LED21","1206REVMNT","1206REVMNT",293.9000,-84.9400,-90.0000,bottom
"LED22","1206REVMNT","1206REVMNT",332.0000,-84.9400,-90.0000,bottom
"LED23","1206REVMNT","1206REVMNT",370.1000,-84.9400,-90.0000,bottom
"LED24","1206REVMNT","1206REVMNT",408.2000,-84.9400,-90.0000,bottom
"LED25","1206REVMNT","1206REVMNT",446.3000,-84.9400,-90.0000,bottom
"LED26","1206REVMNT","1206REVMNT",484.4000,-84.9400,-90.0000,bottom
"LED27","1206REVMNT","1206REVMNT",532.0250,-84.9400,-90.0000,bottom
"LED28","1206REVMNT","1206REVMNT",570.1250,-84.9400,-90.0000,bottom
"LED29","1206REVMNT","1206REVMNT",46.2500,-106.2800,-90.0000,bottom
"LED30","1206REVMNT","1206REVMNT",65.3000,-106.2800,-90.0000,bottom
"LED31","1206REVMNT","1206REVMNT",84.3500,-106.2800,-90.0000,bottom
"LED32","1206REVMNT","1206REVMNT",103.4000,-106.2800,-90.0000,bottom
"LED33","1206REVMNT","1206REVMNT",141.5000,-106.2800,-90.0000,bottom
"LED34","1206REVMNT","1206REVMNT",170.0750,-106.2800,-90.0000,bottom
"LED35","1206REVMNT","1206REVMNT",189.1250,-106.2800,-90.0000,bottom
"LED36","1206REVMNT","1206REVMNT",208.1750,-106.2800,-90.0000,bottom
"LED37","1206REVMNT","1206REVMNT",227.2250,-106.2800,-90.0000,bottom
"LED38","1206REVMNT","1206REVMNT",246.2750,-106.2800,-90.0000,bottom
"LED39","1206REVMNT","1206REVMNT",265.3250,-106.2800,-90.0000,bottom
"LED40","1206REVMNT","1206REVMNT",284.3750,-106.2800,-90.0000,bottom
"LED41","1206REVMNT","1206REVMNT",303.4250,-106.2800,-90.0000,bottom
"LED42","1206REVMNT","1206REVMNT",322.4750,-106.2800,-90.0000,bottom
"LED43","1206REVMNT","1206REVMNT",341.5250,-106.2800,-90.0000,bottom
"LED44","1206REVMNT","1206REVMNT",360.5750,-106.2800,-90.0000,bottom
"LED45","1206REVMNT","1206REVMNT",379.6250,-106.2800,-90.0000,bottom
"LED46","1206REVMNT","1206REVMNT",398.6750,-106.2800,-90.0000,bottom
"LED47","1206REVMNT","1206REVMNT",417.7250,-106.2800,-90.0000,bottom
"LED48","1206REVMNT","1206REVMNT",436.7750,-106.2800,-90.0000,bottom
"LED49","1206REVMNT","1206REVMNT",455.8250,-106.2800,-90.0000,bottom
"LED50","1206REVMNT","1206REVMNT",484.4000,-106.2800,-90.0000,bottom
"LED51","1206REVMNT","1206REVMNT",522.5000,-106.2800,-90.0000,bottom
"LED52","1206REVMNT","1206REVMNT",541.5500,-106.2800,-90.0000,bottom
"LED53","1206REVMNT","1206REVMNT",560.6000,-106.2800,-90.0000,bottom
"LED54","1206REVMNT","1206REVMNT",579.6500,-106.2800,-90.0000,bottom
"LED55","1206REVMNT","1206REVMNT",46.2500,-132.8000,-90.0000,bottom
"LED56","1206REVMNT","1206REVMNT",65.3000,-132.8000,-90.0000,bottom
"LED57","1206REVMNT","1206REVMNT",84.3500,-132.8000,-90.0000,bottom
"LED58","1206REVMNT","1206REVMNT",103.4000,-132.8000,-90.0000,bottom
"LED59","1206REVMNT","1206REVMNT",136.7375,-132.8000,-90.0000,bottom
"LED60","1206REVMNT","1206REVMNT",160.5500,-132.8000,-90.0000,bottom
"LED61","1206REVMNT","1206REVMNT",179.6000,-132.8000,-90.0000,bottom
"LED62","1206REVMNT","1206REVMNT",198.6500,-132.8000,-90.0000,bottom
"LED63","1206REVMNT","1206REVMNT",217.7000,-132.8000,-90.0000,bottom
"LED64","1206REVMNT","1206REVMNT",236.7500,-132.8000,-90.0000,bottom
"LED65","1206REVMNT","1206REVMNT",255.8000,-132.8000,-90.0000,bottom
"LED66","1206REVMNT","1206REVMNT",274.8500,-132.8000,-90.0000,bottom
"LED67","1206REVMNT","1206REVMNT",293.9000,-132.8000,-90.0000,bottom
"LED68","1206REVMNT","1206REVMNT",312.9500,-132.8000,-90.0000,bottom
"LED69","1206REVMNT","1206REVMNT",332.0000,-132.8000,-90.0000,bottom
"LED70","1206REVMNT","1206REVMNT",351.0500,-132.8000,-90.0000,bottom
"LED71","1206REVMNT","1206REVMNT",370.1000,-132.8000,-90.0000,bottom
"LED72","1206REVMNT","1206REVMNT",389.1500,-132.8000,-90.0000,bottom
"LED73","1206REVMNT","1206REVMNT",408.2000,-132.8000,-90.0000,bottom
"LED74","1206REVMNT","1206REVMNT",427.2500,-132.8000,-90.0000,bottom
"LED75","1206REVMNT","1206REVMNT",446.3000,-132.8000,-90.0000,bottom
"LED76","1206REVMNT","1206REVMNT",465.3500,-132.8000,-90.0000,bottom
"LED77","1206REVMNT","1206REVMNT",489.1625,-132.8000,-90.0000,bottom
"LED78","1206REVMNT","1206REVMNT",522.5000,-132.8000,-90.0000,bottom
"LED79","1206REVMNT","1206REVMNT",541.5500,-132.8000,-90.0000,bottom
"LED80","1206REVMNT","1206REVMNT",560.6000,-132.8000,-90.0000,bottom
"LED81","1206REVMNT","1206REVMNT",579.6500,-132.8000,-90.0000,bottom
"LED82","1206REVMNT","1206REVMNT",46.2500,-151.8500,-90.0000,bottom
"LED83","1206REVMNT","1206REVMNT",65.3000,-151.8500,-90.0000,bottom
"LED84","1206REVMNT","1206REVMNT",84.3500,-151.8500,-90.0000,bottom
"LED85","1206REVMNT","1206REVMNT",103.4000,-151.8500,-90.0000,bottom
"LED86","1206REVMNT","1206REVMNT",131.9750,-151.8500,-90.0000,bottom
"LED87","1206REVMNT","1206REVMNT",155.7875,-151.8500,-90.0000,bottom
"LED88","1206REVMNT","1206REVMNT",184.3625,-151.8500,-90.0000,bottom
"LED89","1206REVMNT","1206REVMNT",208.1750,-151.8500,-90.0000,bottom
"LED90","1206REVMNT","1206REVMNT",227.2250,-151.8500,-90.0000,bottom
"LED91","1206REVMNT","1206REVMNT",246.2750,-151.8500,-90.0000,bottom
"LED92","1206REVMNT","1206REVMNT",265.3250,-151.8500,-90.0000,bottom
"LED93","1206REVMNT","1206REVMNT",284.3750,-151.8500,-90.0000,bottom
"LED94","1206REVMNT","1206REVMNT",303.4250,-151.8500,-90.0000,bottom
"LED95","1206REVMNT","1206REVMNT",322.4750,-151.8500,-90.0000,bottom
"LED96","1206REVMNT","1206REVMNT",341.5250,-151.8500,-90.0000,bottom
"LED97","1206REVMNT","1206REVMNT",360.5750,-151.8500,-90.0000,bottom
"LED98","1206REVMNT","1206REVMNT",379.6250,-151.8500,-90.0000,bottom
"LED99","1206REVMNT","1206REVMNT",398.6750,-151.8500,-90.0000,bottom
"LED100","1206REVMNT","1206REVMNT",417.7250,-151.8500,-90.0000,bottom
"LED101","1206REVMNT","1206REVMNT",441.5375,-151.8500,-90.0000,bottom
"LED102","1206REVMNT","1206REVMNT",470.1125,-151.8500,-90.0000,bottom
"LED103","1206REVMNT","1206REVMNT",493.9250,-151.8500,-90.0000,bottom
"LED104","1206REVMNT","1206REVMNT",522.5000,-151.8500,-90.0000,bottom
"LED105","1206REVMNT","1206REVMNT",541.5500,-151.8500,-90.0000,bottom
"LED106","1206REVMNT","1206REVMNT",560.6000,-151.8500,-90.0000,bottom
"LED107","1206REVMNT","1206REVMNT",579.6500,-151.8500,-90.0000,bottom
"LED108","1206REVMNT","1206REVMNT",46.2500,-170.9000,-90.0000,bottom
"LED109","1206REVMNT","1206REVMNT",65.3000,-170.9000,-90.0000,bottom
"LED110","1206REVMNT","1206REVMNT",84.3500,-170.9000,-90.0000,bottom
"LED111","1206REVMNT","1206REVMNT",103.4000,-170.9000,-90.0000,bottom
"LED112","1206REVMNT","1206REVMNT",136.7375,-170.9000,-90.0000,bottom
"LED113","1206REVMNT","1206REVMNT",165.3125,-170.9000,-90.0000,bottom
"LED114","1206REVMNT","1206REVMNT",193.8875,-170.9000,-90.0000,bottom
"LED115","1206REVMNT","1206REVMNT",217.7000,-170.9000,-90.0000,bottom
"LED116","1206REVMNT","1206REVMNT",236.7500,-170.9000,-90.0000,bottom
"LED117","1206REVMNT","1206REVMNT",255.8000,-170.9000,-90.0000,bottom
"LED118","1206REVMNT","1206REVMNT",274.8500,-170.9000,-90.0000,bottom
"LED119","1206REVMNT","1206REVMNT",293.9000,-170.9000,-90.0000,bottom
"LED120","1206REVMNT","1206REVMNT",312.9500,-170.9000,-90.0000,bottom
"LED121","1206REVMNT","1206REVMNT",332.0000,-170.9000,-90.0000,bottom
"LED122","1206REVMNT","1206REVMNT",351.0500,-170.9000,-90.0000,bottom
"LED123","1206REVMNT","1206REVMNT",370.1000,-170.9000,-90.0000,bottom
"LED124","1206REVMNT","1206REVMNT",389.1500,-170.9000,-90.0000,bottom
"LED125","1206REVMNT","1206REVMNT",408.2000,-170.9000,-90.0000,bottom
"LED126","1206REVMNT","1206REVMNT",432.0125,-170.9000,-90.0000,bottom
"LED127","1206REVMNT","1206REVMNT",460.5875,-170.9000,-90.0000,bottom
"LED128","1206REVMNT","1206REVMNT",489.1625,-170.9000,-90.0000,bottom
"LED129","1206REVMNT","1206REVMNT",522.5000,-170.9000,-90.0000,bottom
"LED130","1206REVMNT","1206REVMNT",541.5500,-170.9000,-90.0000,bottom
"LED131","1206REVMNT","1206REVMNT",560.6000,-170.9000,-90.0000,bottom
"LED132","1206REVMNT","1206REVMNT",579.6500,-170.9000,-90.0000,bottom
"LED133","1206REVMNT","1206REVMNT",46.2500,-189.9500,-90.0000,bottom
"LED134","1206REVMNT","1206REVMNT",65.3000,-189.9500,-90.0000,bottom
"LED135","1206REVMNT","1206REVMNT",84.3500,-189.9500,-90.0000,bottom
"LED136","1206REVMNT","1206REVMNT",103.4000,-189.9500,-90.0000,bottom
"LED137","1206REVMNT","1206REVMNT",131.9750,-189.9500,-90.0000,bottom
"LED138","1206REVMNT","1206REVMNT",151.0250,-189.9500,-90.0000,bottom
"LED139","1206REVMNT","1206REVMNT",174.8375,-189.9500,-90.0000,bottom
"LED140","1206REVMNT","1206REVMNT",203.4125,-189.9500,-90.0000,bottom
"LED141","1206REVMNT","1206REVMNT",227.2250,-189.9500,-90.0000,bottom
"LED142","1206REVMNT","1206REVMNT",246.2750,-189.9500,-90.0000,bottom
"LED143","1206REVMNT","1206REVMNT",265.3250,-189.9500,-90.0000,bottom
"LED144","1206REVMNT","1206REVMNT",284.3750,-189.9500,-90.0000,bottom
"LED145","1206REVMNT","1206REVMNT",303.4250,-189.9500,-90.0000,bottom
"LED146","1206REVMNT","1206REVMNT",322.4750,-189.9500,-90.0000,bottom
"LED147","1206REVMNT","1206REVMNT",341.5250,-189.9500,-90.0000,bottom
"LED148","1206REVMNT","1206REVMNT",360.5750,-189.9500,-90.0000,bottom
"LED149","1206REVMNT","1206REVMNT",379.6250,-189.9500,-90.0000,bottom
"LED150","1206REVMNT","1206REVMNT",398.6750,-189.9500,-90.0000,bottom
"LED151","1206REVMNT","1206REVMNT",422.4875,-189.9500,-90.0000,bottom
"LED152","1206REVMNT","1206REVMNT",451.0625,-189.9500,-90.0000,bottom
"LED153","1206REVMNT","1206REVMNT",474.8750,-189.9500,-90.0000,bottom
"LED154","1206REVMNT","1206REVMNT",493.9250,-189.9500,-90.0000,bottom
"LED155","1206REVMNT","1206REVMNT",522.5000,-189.9500,-90.0000,bottom
"LED156","1206REVMNT","1206REVMNT",541.5500,-189.9500,-90.0000,bottom
"LED157","1206REVMNT","1206REVMNT",560.6000,-189.9500,-90.0000,bottom
"LED158","1206REVMNT","1206REVMNT",579.6500,-189.9500,-90.0000,bottom
"LED159","1206REVMNT","1206REVMNT",46.2500,-209.0000,-90.0000,bottom
"LED160","1206REVMNT","1206REVMNT",65.3000,-209.0000,-90.0000,bottom
"LED161","1206REVMNT","1206REVMNT",84.3500,-209.0000,-90.0000,bottom
"LED162","1206REVMNT","1206REVMNT",103.4000,-209.0000,-90.0000,bottom
"LED163","1206REVMNT","1206REVMNT",131.9750,-209.0000,-90.0000,bottom
"LED164","1206REVMNT","1206REVMNT",151.0250,-209.0000,-90.0000,bottom
"LED165","1206REVMNT","1206REVMNT",170.0750,-209.0000,-90.0000,bottom
"LED166","1206REVMNT","1206REVMNT",189.1250,-209.0000,-90.0000,bottom
"LED167","1206REVMNT","1206REVMNT",212.9375,-209.0000,-90.0000,bottom
"LED168","1206REVMNT","1206REVMNT",236.7500,-209.0000,-90.0000,bottom
"LED169","1206REVMNT","1206REVMNT",260.5625,-209.0000,-90.0000,bottom
"LED170","1206REVMNT","1206REVMNT",289.1375,-209.0000,-90.0000,bottom
"LED171","1206REVMNT","1206REVMNT",312.9500,-209.0000,-90.0000,bottom
"LED172","1206REVMNT","1206REVMNT",336.7625,-209.0000,-90.0000,bottom
"LED173","1206REVMNT","1206REVMNT",365.3375,-209.0000,-90.0000,bottom
"LED174","1206REVMNT","1206REVMNT",389.1500,-209.0000,-90.0000,bottom
"LED175","1206REVMNT","1206REVMNT",412.9625,-209.0000,-90.0000,bottom
"LED176","1206REVMNT","1206REVMNT",436.7750,-209.0000,-90.0000,bottom
"LED177","1206REVMNT","1206REVMNT",455.8250,-209.0000,-90.0000,bottom
"LED178","1206REVMNT","1206REVMNT",474.8750,-209.0000,-90.0000,bottom
"LED179","1206REVMNT","1206REVMNT",493.9250,-209.0000,-90.0000,bottom
"LED180","1206REVMNT","1206REVMNT",522.5000,-209.0000,-90.0000,bottom
"LED181","1206REVMNT","1206REVMNT",541.5500,-209.0000,-90.0000,bottom
"LED182","1206REVMNT","1206REVMNT",560.6000,-209.0000,-90.0000,bottom
"LED183","1206REVMNT","1206REVMNT",579.6500,-209.0000,-90.0000,bottom
"LEDR1","1k","R_0603_1608Metric",61.1550,-63.6500,0.0000,bottom
"LEDR2","1k","R_0603_1608Metric",99.2550,-63.6500,0.0000,bottom
"LEDR3","1k","R_0603_1608Metric",146.8800,-63.6500,0.0000,bottom
"LEDR4","1k","R_0603_1608Metric",184.9800,-63.6500,0.0000,bottom
"LEDR5","1k","R_0603_1608Metric",223.0800,-63.6500,0.0000,bottom
"LEDR6","1k","R_0603_1608Metric",261.1800,-63.6500,0.0000,bottom
"LEDR7","1k","R_0603_1608Metric",299.2800,-63.6500,0.0000,bottom
"LEDR8","1k","R_0603_1608Metric",337.3800,-63.6500,0.0000,bottom
"LEDR9","1k","R_0603_1608Metric",375.4800,-63.6500,0.0000,bottom
"LEDR10","1k","R_0603_1608Metric",413.5800,-63.6500,0.0000,bottom
"LEDR11","1k","R_0603_1608Metric",451.6800,-63.6500,0.0000,bottom
"LEDR12","1k","R_0603_1608Metric",489.7800,-63.6500,0.0000,bottom
"LEDR13","1k","R_0603_1608Metric",537.4050,-63.6500,0.0000,bottom
"LEDR14","1k","R_0603_1608Metric",575.5050,-63.6500,0.0000,bottom
"LEDR15","1k","R_0603_1608Metric",61.1550,-84.9900,0.0000,bottom
"LEDR16","1k","R_0603_1608Metric",99.2550,-84.9900,0.0000,bottom
"LEDR17","1k","R_0603_1608Metric",146.0000,-84.9900,0.0000,bottom
"LEDR18","1k","R_0603_1608Metric",184.9800,-84.9900,0.0000,bottom
"LEDR19","1k","R_0603_1608Metric",223.0800,-84.9900,0.0000,bottom
"LEDR20","1k","R_0603_1608Metric",261.1800,-84.9900,0.0000,bottom
"LEDR21","1k","R_0603_1608Metric",299.2800,-84.9900,0.0000,bottom
"LEDR22","1k","R_0603_1608Metric",337.3800,-84.9900,0.0000,bottom
"LEDR23","1k","R_0603_1608Metric",375.4800,-84.9900,0.0000,bottom
"LEDR24","1k","R_0603_1608Metric",413.5800,-84.9900,0.0000,bottom
"LEDR25","1k","R_0603_1608Metric",451.6800,-84.9900,0.0000,bottom
"LEDR26","1k","R_0603_1608Metric",489.7800,-84.9900,0.0000,bottom
"LEDR27","1k","R_0603_1608Metric",537.4050,-84.9900,0.0000,bottom
"LEDR28","1k","R_0603_1608Metric",575.5050,-84.9900,0.0000,bottom
"LEDR29","1k","R_0603_1608Metric",51.6300,-106.3300,0.0000,bottom
"LEDR30","1k","R_0603_1608Metric",70.6800,-106.3300,0.0000,bottom
"LEDR31","1k","R_0603_1608Metric",89.7300,-106.3300,0.0000,bottom
"LEDR32","1k","R_0603_1608Metric",108.7800,-106.3300,0.0000,bottom
"LEDR33","1k","R_0603_1608Metric",146.8800,-106.3300,0.0000,bottom
"LEDR34","1k","R_0603_1608Metric",175.4550,-106.3300,0.0000,bottom
"LEDR35","1k","R_0603_1608Metric",194.5050,-106.3300,0.0000,bottom
"LEDR36","1k","R_0603_1608Metric",213.5550,-106.3300,0.0000,bottom
"LEDR37","1k","R_0603_1608Metric",232.6050,-106.3300,0.0000,bottom
"LEDR38","1k","R_0603_1608Metric",251.6550,-106.3300,0.0000,bottom
"LEDR39","1k","R_0603_1608Metric",270.7050,-106.3300,0.0000,bottom
"LEDR40","1k","R_0603_1608Metric",289.7550,-106.3300,0.0000,bottom
"LEDR41","1k","R_0603_1608Metric",308.8050,-106.3300,0.0000,bottom
"LEDR42","1k","R_0603_1608Metric",327.8550,-106.3300,0.0000,bottom
"LEDR43","1k","R_0603_1608Metric",346.9050,-106.3300,0.0000,bottom
"LEDR44","1k","R_0603_1608Metric",365.9550,-106.3300,0.0000,bottom
"LEDR45","1k","R_0603_1608Metric",385.0050,-106.3300,0.0000,bottom
"LEDR46","1k","R_0603_1608Metric",404.0550,-106.3300,0.0000,bottom
"LEDR47","1k","R_0603_1608Metric",423.1050,-106.3300,0.0000,bottom
"LEDR48","1k","R_0603_1608Metric",442.1550,-106.3300,0.0000,bottom
"LEDR49","1k","R_0603_1608Metric",461.2050,-106.3300,0.0000,bottom
"LEDR50","1k","R_0603_1608Metric",489.7800,-106.3300,0.0000,bottom
"LEDR51","1k","R_0603_1608Metric",527.8800,-106.3300,0.0000,bottom
"LEDR52","1k","R_0603_1608Metric",546.9300,-106.3300,0.0000,bottom
"LEDR53","1k","R_0603_1608Metric",565.9800,-106.3300,0.0000,bottom
"LEDR54","1k","R_0603_1608Metric",585.0300,-106.3300,0.0000,bottom
"LEDR55","1k","R_0603_1608Metric",51.6300,-132.8500,0.0000,bottom
"LEDR56","1k","R_0603_1608Metric",70.6800,-132.8500,0.0000,bottom
"LEDR57","1k","R_0603_1608Metric",89.7300,-132.8500,0.0000,bottom
"LEDR58","1k","R_0603_1608Metric",107.2500,-132.7500,90.0000,bottom
"LEDR59","1k","R_0603_1608Metric",142.1175,-132.8500,0.0000,bottom
"LEDR60","1k","R_0603_1608Metric",165.9300,-132.8500,0.0000,bottom
"LEDR61","1k","R_0603_1608Metric",184.9800,-132.8500,0.0000,bottom
"LEDR62","1k","R_0603_1608Metric",204.0300,-132.8500,0.0000,bottom
"LEDR63","1k","R_0603_1608Metric",223.0800,-132.8500,0.0000,bottom
"LEDR64","1k","R_0603_1608Metric",242.1300,-132.8500,0.0000,bottom
"LEDR65","1k","R_0603_1608Metric",261.1800,-132.8500,0.0000,bottom
"LEDR66","1k","R_0603_1608Metric",280.2300,-132.8500,0.0000,bottom
"LEDR67","1k","R_0603_1608Metric",299.2800,-132.8500,0.0000,bottom
"LEDR68","1k","R_0603_1608Metric",318.3300,-132.8500,0.0000,bottom
"LEDR69","1k","R_0603_1608Metric",337.3800,-132.8500,0.0000,bottom
"LEDR70","1k","R_0603_1608Metric",356.4300,-132.8500,0.0000,bottom
"LEDR71","1k","R_0603_1608Metric",375.4800,-132.8500,0.0000,bottom
"LEDR72","1k","R_0603_1608Metric",394.5300,-132.8500,0.0000,bottom
"LEDR73","1k","R_0603_1608Metric",413.5800,-132.8500,0.0000,bottom
"LEDR74","1k","R_0603_1608Metric",432.6300,-132.8500,0.0000,bottom
"LEDR75","1k","R_0603_1608Metric",451.6800,-132.8500,0.0000,bottom
"LEDR76","1k","R_0603_1608Metric",470.7300,-132.8500,0.0000,bottom
"LEDR77","1k","R_0603_1608Metric",494.5425,-132.8500,0.0000,bottom
"LEDR78","1k","R_0603_1608Metric",527.8800,-132.8500,0.0000,bottom
"LEDR79","1k","R_0603_1608Metric",546.9300,-132.8500,0.0000,bottom
"LEDR80","1k","R_0603_1608Metric",565.9800,-132.8500,0.0000,bottom
"LEDR81","1k","R_0603_1608Metric",585.0300,-132.8500,0.0000,bottom
"LEDR82","1k","R_0603_1608Metric",51.6300,-151.9000,0.0000,bottom
"LEDR83","1k","R_0603_1608Metric",70.6800,-151.9000,0.0000,bottom
"LEDR84","1k","R_0603_1608Metric",89.7300,-151.9000,0.0000,bottom
"LEDR85","1k","R_0603_1608Metric",108.7800,-151.9000,0.0000,bottom
"LEDR86","1k","R_0603_1608Metric",137.3550,-151.9000,0.0000,bottom
"LEDR87","1k","R_0603_1608Metric",161.1675,-151.9000,0.0000,bottom
"LEDR88","1k","R_0603_1608Metric",189.7425,-151.9000,0.0000,bottom
"LEDR89","1k","R_0603_1608Metric",213.5550,-151.9000,0.0000,bottom
"LEDR90","1k","R_0603_1608Metric",232.6050,-151.9000,0.0000,bottom
"LEDR91","1k","R_0603_1608Metric",251.6550,-151.9000,0.0000,bottom
"LEDR92","1k","R_0603_1608Metric",270.7050,-151.9000,0.0000,bottom
"LEDR93","1k","R_0603_1608Metric",289.7550,-151.9000,0.0000,bottom
"LEDR94","1k","R_0603_1608Metric",308.8050,-151.9000,0.0000,bottom
"LEDR95","1k","R_0603_1608Metric",327.8550,-151.9000,0.0000,bottom
"LEDR96","1k","R_0603_1608Metric",346.9050,-151.9000,0.0000,bottom
"LEDR97","1k","R_0603_1608Metric",365.9550,-151.9000,0.0000,bottom
"LEDR98","1k","R_0603_1608Metric",385.0050,-151.9000,0.0000,bottom
"LEDR99","1k","R_0603_1608Metric",404.0550,-151.9000,0.0000,bottom
"LEDR100","1k","R_0603_1608Metric",423.1050,-151.9000,0.0000,bottom
"LEDR101","1k","R_0603_1608Metric",446.9175,-151.9000,0.0000,bottom
"LEDR102","1k","R_0603_1608Metric",475.4925,-151.9000,0.0000,bottom
"LEDR103","1k","R_0603_1608Metric",499.3050,-151.9000,0.0000,bottom
"LEDR104","1k","R_0603_1608Metric",527.8800,-151.9000,0.0000,bottom
"LEDR105","1k","R_0603_1608Metric",546.9300,-151.9000,0.0000,bottom
"LEDR106","1k","R_0603_1608Metric",565.9800,-151.9000,0.0000,bottom
"LEDR107","1k","R_0603_1608Metric",585.0300,-151.9000,0.0000,bottom
"LEDR108","1k","R_0603_1608Metric",51.6300,-170.9500,0.0000,bottom
"LEDR109","1k","R_0603_1608Metric",70.6800,-170.9500,0.0000,bottom
"LEDR110","1k","R_0603_1608Metric",89.7300,-170.9500,0.0000,bottom
"LEDR111","1k","R_0603_1608Metric",108.7800,-170.9500,0.0000,bottom
"LEDR112","1k","R_0603_1608Metric",142.1175,-170.9500,0.0000,bottom
"LEDR113","1k","R_0603_1608Metric",170.6925,-170.9500,0.0000,bottom
"LEDR114","1k","R_0603_1608Metric",199.2675,-170.9500,0.0000,bottom
"LEDR115","1k","R_0603_1608Metric",223.0800,-170.9500,0.0000,bottom
"LEDR116","1k","R_0603_1608Metric",242.1300,-170.9500,0.0000,bottom
"LEDR117","1k","R_0603_1608Metric",261.1800,-170.9500,0.0000,bottom
"LEDR118","1k","R_0603_1608Metric",280.2300,-170.9500,0.0000,bottom
"LEDR119","1k","R_0603_1608Metric",299.2800,-170.9500,0.0000,bottom
"LEDR120","1k","R_0603_1608Metric",318.3300,-170.9500,0.0000,bottom
"LEDR121","1k","R_0603_1608Metric",337.3800,-170.9500,0.0000,bottom
"LEDR122","1k","R_0603_1608Metric",356.4300,-170.9500,0.0000,bottom
"LEDR123","1k","R_0603_1608Metric",375.4800,-170.9500,0.0000,bottom
"LEDR124","1k","R_0603_1608Metric",394.5300,-170.9500,0.0000,bottom
"LEDR125","1k","R_0603_1608Metric",413.5800,-170.9500,0.0000,bottom
"LEDR126","1k","R_0603_1608Metric",437.3925,-170.9500,0.0000,bottom
"LEDR127","1k","R_0603_1608Metric",465.9675,-170.9500,0.0000,bottom
"LEDR128","1k","R_0603_1608Metric",494.5425,-170.9500,0.0000,bottom
"LEDR129","1k","R_0603_1608Metric",527.8800,-170.9500,0.0000,bottom
"LEDR130","1k","R_0603_1608Metric",546.9300,-170.9500,0.0000,bottom
"LEDR131","1k","R_0603_1608Metric",565.9800,-170.9500,0.0000,bottom
"LEDR132","1k","R_0603_1608Metric",585.0300,-170.9500,0.0000,bottom
"LEDR133","1k","R_0603_1608Metric",51.6300,-190.0000,0.0000,bottom
"LEDR134","1k","R_0603_1608Metric",70.6800,-190.0000,0.0000,bottom
"LEDR135","1k","R_0603_1608Metric",89.7300,-190.0000,0.0000,bottom
"LEDR136","1k","R_0603_1608Metric",108.7800,-190.0000,0.0000,bottom
"LEDR137","1k","R_0603_1608Metric",137.3550,-190.0000,0.0000,bottom
"LEDR138","1k","R_0603_1608Metric",156.4050,-190.0000,0.0000,bottom
"LEDR139","1k","R_0603_1608Metric",180.2175,-190.0000,0.0000,bottom
"LEDR140","1k","R_0603_1608Metric",208.7925,-190.0000,0.0000,bottom
"LEDR141","1k","R_0603_1608Metric",232.6050,-190.0000,0.0000,bottom
"LEDR142","1k","R_0603_1608Metric",251.6550,-190.0000,0.0000,bottom
"LEDR143","1k","R_0603_1608Metric",270.7050,-190.0000,0.0000,bottom
"LEDR144","1k","R_0603_1608Metric",289.7550,-190.0000,0.0000,bottom
"LEDR145","1k","R_0603_1608Metric",308.8050,-190.0000,0.0000,bottom
"LEDR146","1k","R_0603_1608Metric",327.8550,-190.0000,0.0000,bottom
"LEDR147","1k","R_0603_1608Metric",346.9050,-190.0000,0.0000,bottom
"LEDR148","1k","R_0603_1608Metric",365.9550,-190.0000,0.0000,bottom
"LEDR149","1k","R_0603_1608Metric",385.0050,-190.0000,0.0000,bottom
"LEDR150","1k","R_0603_1608Metric",404.0550,-190.0000,0.0000,bottom
"LEDR151","1k","R_0603_1608Metric",427.8675,-190.0000,0.0000,bottom
"LEDR152","1k","R_0603_1608Metric",456.4425,-190.0000,0.0000,bottom
"LEDR153","1k","R_0603_1608Metric",480.2550,-190.0000,0.0000,bottom
"LEDR154","1k","R_0603_1608Metric",499.3050,-190.0000,0.0000,bottom
"LEDR155","1k","R_0603_1608Metric",527.8800,-190.0000,0.0000,bottom
"LEDR156","1k","R_0603_1608Metric",546.9300,-190.0000,0.0000,bottom
"LEDR157","1k","R_0603_1608Metric",565.9800,-190.0000,0.0000,bottom
"LEDR158","1k","R_0603_1608Metric",585.0300,-190.0000,0.0000,bottom
"LEDR159","1k","R_0603_1608Metric",51.6300,-209.0500,0.0000,bottom
"LEDR160","1k","R_0603_1608Metric",70.6800,-209.0500,0.0000,bottom
"LEDR161","1k","R_0603_1608Metric",89.7300,-209.0500,0.0000,bottom
"LEDR162","1k","R_0603_1608Metric",108.7800,-209.0500,0.0000,bottom
"LEDR163","1k","R_0603_1608Metric",137.3550,-209.0500,0.0000,bottom
"LEDR164","1k","R_0603_1608Metric",156.4050,-209.0500,0.0000,bottom
"LEDR165","1k","R_0603_1608Metric",175.4550,-209.0500,0.0000,bottom
"LEDR166","1k","R_0603_1608Metric",194.5050,-209.0500,0.0000,bottom
"LEDR167","1k","R_0603_1608Metric",218.3175,-209.0500,0.0000,bottom
"LEDR168","1k","R_0603_1608Metric",242.1300,-209.0500,0.0000,bottom
"LEDR169","1k","R_0603_1608Metric",265.9425,-209.0500,0.0000,bottom
"LEDR170","1k","R_0603_1608Metric",294.5175,-209.0500,0.0000,bottom
"LEDR171","1k","R_0603_1608Metric",318.3300,-209.0500,0.0000,bottom
"LEDR172","1k","R_0603_1608Metric",342.1425,-209.0500,0.0000,bottom
"LEDR173","1k","R_0603_1608Metric",370.7175,-209.0500,0.0000,bottom
"LEDR174","1k","R_0603_1608Metric",394.5300,-209.0500,0.0000,bottom
"LEDR175","1k","R_0603_1608Metric",418.3425,-209.0500,0.0000,bottom
"LEDR176","1k","R_0603_1608Metric",442.1550,-209.0500,0.0000,bottom
"LEDR177","1k","R_0603_1608Metric",461.2050,-209.0500,0.0000,bottom
"LEDR178","1k","R_0603_1608Metric",480.2550,-209.0500,0.0000,bottom
"LEDR179","1k","R_0603_1608Metric",499.3050,-209.0500,0.0000,bottom
"LEDR180","1k","R_0603_1608Metric",527.8800,-209.0500,0.0000,bottom
"LEDR181","1k","R_0603_1608Metric",546.9300,-209.0500,0.0000,bottom
"LEDR182","1k","R_0603_1608Metric",565.9800,-209.0500,0.0000,bottom
"LEDR183","1k","R_0603_1608Metric",585.0300,-209.0500,0.0000,bottom
"Q1","SI1308EDL-T1-GE3","SOT-323_SC-70",147.8000,-132.6000,-90.0000,bottom
"Q2","SI1308EDL-T1-GE3","SOT-323_SC-70",116.0500,-156.3375,90.0000,bottom
"Q3","SI1308EDL-T1-GE3","SOT-323_SC-70",150.5400,-132.6000,-90.0000,bottom
"R1","10k","R_0402_1005Metric",114.2500,-152.5000,0.0000,bottom
"R2","5.1k","R_0402_1005Metric",302.0000,-119.8000,90.0000,bottom
"R3","5.1k","R_0402_1005Metric",298.4000,-119.8000,90.0000,bottom
"R4","100","R_0402_1005Metric",116.4800,-202.0000,0.0000,bottom
"R5","100k","R_0402_1005Metric",150.6000,-130.3645,180.0000,bottom
"R6","100k","R_0402_1005Metric",118.0000,-157.0000,90.0000,bottom
"R7","10k","R_0402_1005Metric",116.0500,-158.9375,0.0000,bottom
"R8","100k","R_0402_1005Metric",43.0000,-160.6000,90.0000,bottom
"R9","5.1k","R_0402_1005Metric",508.6000,-164.4000,90.0000,bottom
"R10","5.1k","R_0402_1005Metric",514.5900,-164.8000,90.0000,bottom
"R11","27","R_0402_1005Metric",113.5000,-132.0000,180.0000,bottom
"R12","27","R_0402_1005Metric",113.5000,-133.0000,180.0000,bottom
"R13","1.8k","R_0402_1005Metric",118.6000,-155.1875,180.0000,bottom
"R14","1.1k","R_0402_1005Metric",120.6000,-152.4000,90.0000,bottom
"R15","590","R_0402_1005Metric",116.1000,-153.9375,0.0000,bottom
"R16","100k","R_0402_1005Metric",117.2500,-139.2000,180.0000,bottom
"RGB1","SK6805-EC15","SK6805-EC15",39.2500,-120.7500,-90.0000,bottom
"RGB2","SK6805-EC15","SK6805-EC15",39.2750,-137.2750,0.0000,bottom
"RGB3","SK6805-EC15","SK6805-EC15",39.2500,-156.5000,0.0000,bottom
"RGB4","SK6805-EC15","SK6805-EC15",39.2500,-175.5000,0.0000,bottom
"RGB5","SK6805-EC15","SK6805-EC15",39.2500,-194.5000,0.0000,bottom
"RGB6","SK6805-EC15","SK6805-EC15",74.7500,-211.0000,90.0000,bottom
"RGB7","SK6805-EC15","SK6805-EC15",117.7500,-211.0000,90.0000,bottom
"RGB8","SK6805-EC15","SK6805-EC15",160.5000,-211.0000,90.0000,bottom
"RGB9","SK6805-EC15","SK6805-EC15",201.0000,-211.0000,90.0000,bottom
"RGB10","SK6805-EC15","SK6805-EC15",248.7500,-211.0000,90.0000,bottom
"RGB11","SK6805-EC15","SK6805-EC15",301.0000,-211.0000,90.0000,bottom
"RGB12","SK6805-EC15","SK6805-EC15",325.0000,-211.0000,90.0000,bottom
"RGB13","SK6805-EC15","SK6805-EC15",377.2500,-211.0000,90.0000,bottom
"RGB14","SK6805-EC15","SK6805-EC15",424.7500,-211.0000,90.0000,bottom
"RGB15","SK6805-EC15","SK6805-EC15",465.5000,-211.0000,90.0000,bottom
"RGB16","SK6805-EC15","SK6805-EC15",508.2500,-211.0000,90.0000,bottom
"RGB17","SK6805-EC15","SK6805-EC15",551.0000,-211.0000,90.0000,bottom
"RGB18","SK6805-EC15","SK6805-EC15",586.7500,-194.5000,90.0000,bottom
"RGB19","SK6805-EC15","SK6805-EC15",586.5000,-175.5000,180.0000,bottom
"RGB20","SK6805-EC15","SK6805-EC15",586.7500,-156.5000,180.0000,bottom
"RGB21","SK6805-EC15","SK6805-EC15",586.7250,-137.5000,180.0000,bottom
"RGB22","SK6805-EC15","SK6805-EC15",586.7500,-120.7500,180.0000,bottom
"RGB23","SK6805-EC15","SK6805-EC15",586.7500,-91.7500,180.0000,bottom
"RGB24","SK6805-EC15","SK6805-EC15",586.7500,-69.5000,180.0000,bottom
"RGB25","SK6805-EC15","SK6805-EC15",551.0000,-51.5000,180.0000,bottom
"RGB26","SK6805-EC15","SK6805-EC15",508.2500,-51.5000,-90.0000,bottom
"RGB27","SK6805-EC15","SK6805-EC15",465.5000,-51.5000,-90.0000,bottom
"RGB28","SK6805-EC15","SK6805-EC15",427.2500,-51.5000,-90.0000,bottom
"RGB29","SK6805-EC15","SK6805-EC15",389.2500,-51.5000,-90.0000,bottom
"RGB30","SK6805-EC15","SK6805-EC15",351.0000,-51.5000,-90.0000,bottom
"RGB31","SK6805-EC15","SK6805-EC15",313.0000,-51.5000,-90.0000,bottom
"RGB32","SK6805-EC15","SK6805-EC15",274.7500,-51.5000,-90.0000,bottom
"RGB33","SK6805-EC15","SK6805-EC15",236.7500,-51.5000,-90.0000,bottom
"RGB34","SK6805-EC15","SK6805-EC15",198.7500,-51.5000,-90.0000,bottom
"RGB35","SK6805-EC15","SK6805-EC15",160.5000,-51.5000,-90.0000,bottom
"RGB36","SK6805-EC15","SK6805-EC15",117.7500,-51.5000,-90.0000,bottom
"RGB37","SK6805-EC15","SK6805-EC15",74.7500,-51.5000,-90.0000,bottom
"RGB38","SK6805-EC15","SK6805-EC15",39.2500,-69.2500,-90.0000,bottom
"RGB39","SK6805-EC15","SK6805-EC15",39.2500,-91.7500,-90.0000,bottom
"S1","SK-3296S-01-L1","SK3296S01L1",39.4000,-162.0000,-90.0000,bottom
"S2","MOMENTARY-SWITCH-SPST-SMD-4.6X2.8MM","TACTILE_SWITCH_SMD_4.6X2.8MM",38.4000,-133.0000,90.0000,bottom
"SWD1","1N4148WS","SOD-323",65.7500,-59.0000,180.0000,bottom
"SWD2","1N4148WS","SOD-323",91.7750,-53.0000,0.0000,bottom
"SWD3","1N4148WS","SOD-323",139.4000,-53.0000,0.0000,bottom
"SWD4","1N4148WS","SOD-323",177.5000,-53.0000,0.0000,bottom
"SWD5","1N4148WS","SOD-323",215.6000,-53.0000,0.0000,bottom
"SWD6","1N4148WS","SOD-323",253.7000,-53.0000,0.0000,bottom
"SWD7","1N4148WS","SOD-323",291.8000,-53.0000,0.0000,bottom
"SWD8","1N4148WS","SOD-323",329.9000,-53.0000,0.0000,bottom
"SWD9","1N4148WS","SOD-323",368.0000,-53.0000,0.0000,bottom
"SWD10","1N4148WS","SOD-323",406.1000,-53.0000,0.0000,bottom
"SWD11","1N4148WS","SOD-323",444.0000,-53.0000,0.0000,bottom
"SWD12","1N4148WS","SOD-323",482.4600,-53.0000,0.0000,bottom
"SWD13","1N4148WS","SOD-323",530.2100,-53.2500,0.0000,bottom
"SWD14","1N4148WS","SOD-323",568.5000,-53.4000,0.0000,bottom
"SWD15","1N4148WS","SOD-323",62.6550,-74.7400,180.0000,bottom
"SWD16","1N4148WS","SOD-323",100.7550,-74.7400,180.0000,bottom
"SWD17","1N4148WS","SOD-323",148.3800,-74.7400,180.0000,bottom
"SWD18","1N4148WS","SOD-323",186.4800,-74.7400,180.0000,bottom
"SWD19","1N4148WS","SOD-323",224.5800,-74.7400,180.0000,bottom
"SWD20","1N4148WS","SOD-323",262.6800,-74.7400,180.0000,bottom
"SWD21","1N4148WS","SOD-323",300.7800,-74.7400,180.0000,bottom
"SWD22","1N4148WS","SOD-323",338.8800,-74.7400,180.0000,bottom
"SWD23","1N4148WS","SOD-323",376.9800,-74.7400,180.0000,bottom
"SWD24","1N4148WS","SOD-323",415.0800,-74.7400,180.0000,bottom
"SWD25","1N4148WS","SOD-323",453.1800,-74.7400,180.0000,bottom
"SWD26","1N4148WS","SOD-323",491.2800,-74.7400,180.0000,bottom
"SWD27","1N4148WS","SOD-323",538.9050,-74.7400,180.0000,bottom
"SWD28","1N4148WS","SOD-323",577.0050,-74.7400,180.0000,bottom
"SWD29","1N4148WS","SOD-323",53.1300,-96.0800,180.0000,bottom
"SWD30","1N4148WS","SOD-323",72.1800,-96.0800,180.0000,bottom
"SWD31","1N4148WS","SOD-323",91.2300,-96.0800,180.0000,bottom
"SWD32","1N4148WS","SOD-323",110.2800,-96.0800,180.0000,bottom
"SWD33","1N4148WS","SOD-323",148.3800,-96.0800,180.0000,bottom
"SWD34","1N4148WS","SOD-323",176.9550,-96.0800,180.0000,bottom
"SWD35","1N4148WS","SOD-323",196.0050,-96.0800,180.0000,bottom
"SWD36","1N4148WS","SOD-323",215.0550,-96.0800,180.0000,bottom
"SWD37","1N4148WS","SOD-323",234.1050,-96.0800,180.0000,bottom
"SWD38","1N4148WS","SOD-323",253.1550,-96.0800,180.0000,bottom
"SWD39","1N4148WS","SOD-323",272.2050,-96.0800,180.0000,bottom
"SWD40","1N4148WS","SOD-323",291.2550,-96.0800,180.0000,bottom
"SWD41","1N4148WS","SOD-323",310.3050,-96.0800,180.0000,bottom
"SWD42","1N4148WS","SOD-323",329.3550,-96.0800,180.0000,bottom
"SWD43","1N4148WS","SOD-323",348.4050,-96.0800,180.0000,bottom
"SWD44","1N4148WS","SOD-323",367.4550,-96.0800,180.0000,bottom
"SWD45","1N4148WS","SOD-323",386.5050,-96.0800,180.0000,bottom
"SWD46","1N4148WS","SOD-323",405.5550,-96.0800,180.0000,bottom
"SWD47","1N4148WS","SOD-323",424.6050,-96.0800,180.0000,bottom
"SWD48","1N4148WS","SOD-323",443.6550,-96.0800,180.0000,bottom
"SWD49","1N4148WS","SOD-323",462.7050,-96.0800,180.0000,bottom
"SWD50","1N4148WS","SOD-323",491.2800,-96.0800,180.0000,bottom
"SWD51","1N4148WS","SOD-323",529.3800,-96.0800,180.0000,bottom
"SWD52","1N4148WS","SOD-323",548.4300,-96.0800,180.0000,bottom
"SWD53","1N4148WS","SOD-323",567.4800,-96.0800,180.0000,bottom
"SWD54","1N4148WS","SOD-323",577.8000,-95.2000,0.0000,bottom
"SWD55","1N4148WS","SOD-323",53.1300,-122.6000,180.0000,bottom
"SWD56","1N4148WS","SOD-323",72.1800,-122.6000,180.0000,bottom
"SWD57","1N4148WS","SOD-323",93.5000,-129.5000,180.0000,bottom
"SWD58","1N4148WS","SOD-323",102.2500,-122.6000,0.0000,bottom
"SWD59","1N4148WS","SOD-323",143.6175,-122.6000,180.0000,bottom
"SWD60","1N4148WS","SOD-323",167.4300,-122.6000,180.0000,bottom
"SWD61","1N4148WS","SOD-323",186.4800,-122.6000,180.0000,bottom
"SWD62","1N4148WS","SOD-323",205.5300,-122.6000,180.0000,bottom
"SWD63","1N4148WS","SOD-323",224.5800,-122.6000,180.0000,bottom
"SWD64","1N4148WS","SOD-323",243.6300,-122.6000,180.0000,bottom
"SWD65","1N4148WS","SOD-323",262.6800,-122.6000,180.0000,bottom
"SWD66","1N4148WS","SOD-323",281.7300,-122.6000,180.0000,bottom
"SWD67","1N4148WS","SOD-323",300.7800,-122.6000,180.0000,bottom
"SWD68","1N4148WS","SOD-323",319.8300,-122.6000,180.0000,bottom
"SWD69","1N4148WS","SOD-323",338.8800,-122.6000,180.0000,bottom
"SWD70","1N4148WS","SOD-323",357.9300,-122.6000,180.0000,bottom
"SWD71","1N4148WS","SOD-323",376.9800,-122.6000,180.0000,bottom
"SWD72","1N4148WS","SOD-323",396.0300,-122.6000,180.0000,bottom
"SWD73","1N4148WS","SOD-323",415.0800,-122.6000,180.0000,bottom
"SWD74","1N4148WS","SOD-323",434.1300,-122.6000,180.0000,bottom
"SWD75","1N4148WS","SOD-323",453.1800,-122.6000,180.0000,bottom
"SWD76","1N4148WS","SOD-323",472.2300,-122.6000,180.0000,bottom
"SWD77","1N4148WS","SOD-323",496.0425,-122.6000,180.0000,bottom
"SWD78","1N4148WS","SOD-323",529.3800,-122.6000,180.0000,bottom
"SWD79","1N4148WS","SOD-323",548.4300,-122.6000,180.0000,bottom
"SWD80","1N4148WS","SOD-323",567.4800,-123.2000,180.0000,bottom
"SWD81","1N4148WS","SOD-323",578.2000,-122.6000,0.0000,bottom
"SWD82","1N4148WS","SOD-323",53.1300,-141.6500,180.0000,bottom
"SWD83","1N4148WS","SOD-323",72.1800,-141.6500,180.0000,bottom
"SWD84","1N4148WS","SOD-323",91.2300,-141.6500,180.0000,bottom
"SWD85","1N4148WS","SOD-323",110.2800,-141.6500,180.0000,bottom
"SWD86","1N4148WS","SOD-323",138.8550,-141.6500,180.0000,bottom
"SWD87","1N4148WS","SOD-323",162.6675,-141.6500,180.0000,bottom
"SWD88","1N4148WS","SOD-323",191.2425,-141.6500,180.0000,bottom
"SWD89","1N4148WS","SOD-323",215.0550,-141.6500,180.0000,bottom
"SWD90","1N4148WS","SOD-323",234.1050,-141.6500,180.0000,bottom
"SWD91","1N4148WS","SOD-323",253.1550,-141.6500,180.0000,bottom
"SWD92","1N4148WS","SOD-323",272.2050,-141.6500,180.0000,bottom
"SWD93","1N4148WS","SOD-323",291.2550,-141.6500,180.0000,bottom
"SWD94","1N4148WS","SOD-323",310.3050,-141.6500,180.0000,bottom
"SWD95","1N4148WS","SOD-323",329.3550,-141.6500,180.0000,bottom
"SWD96","1N4148WS","SOD-323",348.4050,-141.6500,180.0000,bottom
"SWD97","1N4148WS","SOD-323",367.4550,-141.6500,180.0000,bottom
"SWD98","1N4148WS","SOD-323",386.5050,-141.6500,180.0000,bottom
"SWD99","1N4148WS","SOD-323",405.5550,-141.6500,180.0000,bottom
"SWD100","1N4148WS","SOD-323",424.6050,-141.6500,180.0000,bottom
"SWD101","1N4148WS","SOD-323",448.4175,-141.6500,180.0000,bottom
"SWD102","1N4148WS","SOD-323",476.9925,-141.6500,180.0000,bottom
"SWD103","1N4148WS","SOD-323",500.8050,-141.6500,180.0000,bottom
"SWD104","1N4148WS","SOD-323",529.3800,-141.6500,180.0000,bottom
"SWD105","1N4148WS","SOD-323",548.4300,-141.6500,180.0000,bottom
"SWD106","1N4148WS","SOD-323",567.4800,-141.6500,180.0000,bottom
"SWD107","1N4148WS","SOD-323",578.0000,-141.2000,0.0000,bottom
"SWD108","1N4148WS","SOD-323",53.1300,-160.7000,180.0000,bottom
"SWD109","1N4148WS","SOD-323",72.1800,-160.7000,180.0000,bottom
"SWD110","1N4148WS","SOD-323",91.2300,-160.7000,180.0000,bottom
"SWD111","1N4148WS","SOD-323",110.2800,-160.7000,180.0000,bottom
"SWD112","1N4148WS","SOD-323",143.6175,-160.7000,180.0000,bottom
"SWD113","1N4148WS","SOD-323",172.1925,-160.7000,180.0000,bottom
"SWD114","1N4148WS","SOD-323",200.7675,-160.7000,180.0000,bottom
"SWD115","1N4148WS","SOD-323",224.5800,-160.7000,180.0000,bottom
"SWD116","1N4148WS","SOD-323",243.6300,-160.7000,180.0000,bottom
"SWD117","1N4148WS","SOD-323",262.6800,-160.7000,180.0000,bottom
"SWD118","1N4148WS","SOD-323",281.7300,-160.7000,180.0000,bottom
"SWD119","1N4148WS","SOD-323",300.7800,-160.7000,180.0000,bottom
"SWD120","1N4148WS","SOD-323",319.8300,-160.7000,180.0000,bottom
"SWD121","1N4148WS","SOD-323",338.8800,-160.7000,180.0000,bottom
"SWD122","1N4148WS","SOD-323",357.9300,-160.7000,180.0000,bottom
"SWD123","1N4148WS","SOD-323",376.9800,-160.7000,180.0000,bottom
"SWD124","1N4148WS","SOD-323",396.0300,-160.7000,180.0000,bottom
"SWD125","1N4148WS","SOD-323",415.0800,-160.7000,180.0000,bottom
"SWD126","1N4148WS","SOD-323",438.8925,-160.7000,180.0000,bottom
"SWD127","1N4148WS","SOD-323",467.4675,-160.7000,180.0000,bottom
"SWD128","1N4148WS","SOD-323",496.0425,-160.7000,180.0000,bottom
"SWD129","1N4148WS","SOD-323",529.3800,-160.7000,180.0000,bottom
"SWD130","1N4148WS","SOD-323",548.4300,-160.7000,180.0000,bottom
"SWD131","1N4148WS","SOD-323",567.4800,-160.7000,180.0000,bottom
"SWD132","1N4148WS","SOD-323",578.2000,-159.8000,0.0000,bottom
"SWD133","1N4148WS","SOD-323",53.1300,-179.7500,180.0000,bottom
"SWD134","1N4148WS","SOD-323",72.1800,-179.7500,180.0000,bottom
"SWD135","1N4148WS","SOD-323",91.2300,-179.7500,180.0000,bottom
"SWD136","1N4148WS","SOD-323",110.2800,-179.7500,180.0000,bottom
"SWD137","1N4148WS","SOD-323",138.8550,-179.7500,180.0000,bottom
"SWD138","1N4148WS","SOD-323",157.9050,-179.7500,180.0000,bottom
"SWD139","1N4148WS","SOD-323",181.7175,-179.7500,180.0000,bottom
"SWD140","1N4148WS","SOD-323",210.2925,-179.7500,180.0000,bottom
"SWD141","1N4148WS","SOD-323",234.1050,-179.7500,180.0000,bottom
"SWD142","1N4148WS","SOD-323",253.1550,-179.7500,180.0000,bottom
"SWD143","1N4148WS","SOD-323",272.2050,-179.7500,180.0000,bottom
"SWD144","1N4148WS","SOD-323",291.2550,-179.7500,180.0000,bottom
"SWD145","1N4148WS","SOD-323",310.3050,-179.7500,180.0000,bottom
"SWD146","1N4148WS","SOD-323",329.3550,-179.7500,180.0000,bottom
"SWD147","1N4148WS","SOD-323",348.4050,-179.7500,180.0000,bottom
"SWD148","1N4148WS","SOD-323",367.4550,-179.7500,180.0000,bottom
"SWD149","1N4148WS","SOD-323",386.5050,-179.7500,180.0000,bottom
"SWD150","1N4148WS","SOD-323",405.5550,-179.7500,180.0000,bottom
"SWD151","1N4148WS","SOD-323",429.3675,-179.7500,180.0000,bottom
"SWD152","1N4148WS","SOD-323",457.9425,-179.7500,180.0000,bottom
"SWD153","1N4148WS","SOD-323",481.7550,-179.7500,180.0000,bottom
"SWD154","1N4148WS","SOD-323",500.8050,-179.7500,180.0000,bottom
"SWD155","1N4148WS","SOD-323",529.3800,-179.7500,180.0000,bottom
"SWD156","1N4148WS","SOD-323",548.4300,-179.7500,180.0000,bottom
"SWD157","1N4148WS","SOD-323",567.4800,-179.7500,180.0000,bottom
"SWD158","1N4148WS","SOD-323",577.6000,-178.2000,0.0000,bottom
"SWD159","1N4148WS","SOD-323",53.1300,-198.8000,180.0000,bottom
"SWD160","1N4148WS","SOD-323",72.1800,-198.8000,180.0000,bottom
"SWD161","1N4148WS","SOD-323",91.2300,-198.8000,180.0000,bottom
"SWD162","1N4148WS","SOD-323",110.2800,-198.8000,180.0000,bottom
"SWD163","1N4148WS","SOD-323",138.8550,-198.8000,180.0000,bottom
"SWD164","1N4148WS","SOD-323",157.9050,-198.8000,180.0000,bottom
"SWD165","1N4148WS","SOD-323",176.9550,-198.8000,180.0000,bottom
"SWD166","1N4148WS","SOD-323",196.0050,-198.8000,180.0000,bottom
"SWD167","1N4148WS","SOD-323",219.8175,-198.8000,180.0000,bottom
"SWD168","1N4148WS","SOD-323",243.6300,-198.8000,180.0000,bottom
"SWD169","1N4148WS","SOD-323",267.4425,-198.8000,180.0000,bottom
"SWD170","1N4148WS","SOD-323",296.0175,-198.8000,180.0000,bottom
"SWD171","1N4148WS","SOD-323",319.8300,-198.8000,180.0000,bottom
"SWD172","1N4148WS","SOD-323",343.6425,-198.8000,180.0000,bottom
"SWD173","1N4148WS","SOD-323",372.2175,-198.8000,180.0000,bottom
"SWD174","1N4148WS","SOD-323",396.0300,-198.8000,180.0000,bottom
"SWD175","1N4148WS","SOD-323",419.8425,-198.8000,180.0000,bottom
"SWD176","1N4148WS","SOD-323",443.6550,-198.8000,180.0000,bottom
"SWD177","1N4148WS","SOD-323",462.7050,-198.8000,180.0000,bottom
"SWD178","1N4148WS","SOD-323",481.7550,-198.8000,180.0000,bottom
"SWD179","1N4148WS","SOD-323",500.8050,-198.8000,180.0000,bottom
"SWD180","1N4148WS","SOD-323",529.3800,-198.8000,180.0000,bottom
"SWD181","1N4148WS","SOD-323",548.4300,-198.8000,180.0000,bottom
"SWD182","1N4148WS","SOD-323",567.4800,-198.8000,180.0000,bottom
"SWD183","1N4148WS","SOD-323",577.2000,-197.4000,0.0000,bottom
"U1","USBLC6-2P6","SOT-666",292.0000,-121.2000,0.0000,bottom
"U2","XB3303ASOT23","SOT-23",117.4800,-204.4000,0.0000,bottom
"U3","SiP32431DR3","SOT-363_SC-70-6",161.0000,-204.8000,90.0000,bottom
"U4","74HC595","DHVQFN-16-1EP_2.5x3.5mm_P0.5mm_EP1x2mm",179.9875,-172.6500,180.0000,bottom
"U5","MDBT50Q-1MV2","XCVR_MDBT50Q-1MV2",120.2500,-126.7500,180.0000,bottom
"U6","BQ24075RGT","VQFN-16-1EP_3x3mm_P0.5mm_EP1.6x1.6mm",117.6000,-151.0000,0.0000,bottom
"U7","74HC595","DHVQFN-16-1EP_2.5x3.5mm_P0.5mm_EP1x2mm",324.2500,-172.5000,180.0000,bottom
"U8","74HC595","DHVQFN-16-1EP_2.5x3.5mm_P0.5mm_EP1x2mm",477.6000,-170.0000,180.0000,bottom
"U9","74HC595","DHVQFN-16-1EP_2.5x3.5mm_P0.5mm_EP1x2mm",120.3125,-103.4500,-90.0000,bottom
"U10","74HC595","DHVQFN-16-1EP_2.5x3.5mm_P0.5mm_EP1x2mm",389.4000,-86.4000,180.0000,bottom
"Y1","Crystal","Crystal_SMD_2012-2Pin_2.0x1.2mm",123.0500,-136.5000,0.0000,bottom
